{
  "total_predictions": 850,
  "precision": 0.5193661971830986,
  "recall": 0.8727810650887574,
  "f1": 0.6512141280353201,
  "set_exact_match": 0.6235294117647059,
  "empty_set_accuracy": 0.21428571428571427,
  "valid_json_pct": 1.0,
  "schema_valid_pct": 1.0,
  "total_tp": 590,
  "total_fp": 546,
  "total_fn": 86,
  "total_exact_matches": 530,
  "total_empty_sets": 238,
  "total_empty_set_correct": 51,
  "conversations_processed": 50,
  "conversations_skipped": 0
}