{
  "precision_delta": 0.27375792429585366,
  "recall_delta": 0.10059171597633132,
  "f1_delta": 0.21355802966030124,
  "set_exact_match_delta": 0.2741176470588235
}