{
  "total_predictions": 850,
  "precision": 0.40627580511973577,
  "recall": 0.727810650887574,
  "f1": 0.5214626391096979,
  "set_exact_match": 0.4929411764705882,
  "empty_set_accuracy": 0.02100840336134454,
  "valid_json_pct": 1.0,
  "schema_valid_pct": 1.0,
  "total_tp": 492,
  "total_fp": 719,
  "total_fn": 184,
  "total_exact_matches": 419,
  "total_empty_sets": 238,
  "total_empty_set_correct": 5,
  "conversations_processed": 50,
  "conversations_skipped": 0
}