{
  "precision_delta": 0.11309039206336285,
  "recall_delta": 0.1449704142011834,
  "f1_delta": 0.12975148892562216,
  "set_exact_match_delta": 0.13058823529411767
}